2008.08.27 22:00:01.909,0.94015,0.9403,5.40,1.00
2008.08.27 22:00:02.805,0.9401,0.9403,3.30,1.00
2008.08.27 22:00:03.109,0.9401,0.9403,1.00,1.00
2008.08.27 22:00:03.413,0.9401,0.9403,5.50,1.00
2008.08.27 22:00:03.716,0.9401,0.9403,3.30,1.00
2008.08.27 22:00:11.944,0.9402,0.9404,1.00,1.00
2008.08.27 22:00:12.044,0.9401,0.9403,3.30,1.00
2008.08.27 22:00:14.432,0.9401,0.9403,5.50,1.00
2008.08.27 22:00:15.143,0.9401,0.9403,3.30,1.00
2008.08.27 22:00:21.020,0.9402,0.9404,1.00,1.00
2008.08.27 22:00:21.160,0.9402,0.9404,4.40,1.00
2008.08.27 22:00:21.301,0.9403,0.9405,1.00,12.40
2008.08.27 22:00:21.441,0.9402,0.9404,1.20,1.00
2008.08.27 22:00:21.581,0.9403,0.9405,1.00,1.00
2008.08.27 22:00:22.601,0.9402,0.9404,12.00,1.00
2008.08.27 22:00:22.757,0.9402,0.9404,15.20,1.00
2008.08.27 22:00:23.064,0.9402,0.9404,3.30,1.00
2008.08.27 22:00:38.194,0.9402,0.9404,4.40,1.00
2008.08.27 22:00:38.560,0.9403,0.9405,1.00,1.00
2008.08.27 22:00:42.077,0.9403,0.9405,1.20,1.00
2008.08.27 22:00:46.388,0.9403,0.9405,5.50,1.00
2008.08.27 22:01:35.580,0.9403,0.9405,1.20,1.00
2008.08.27 22:01:38.981,0.9403,0.9407,7.50,13.50
2008.08.27 22:01:45.161,0.9404,0.9406,1.00,1.00
2008.08.27 22:01:46.250,0.9404,0.9406,5.50,1.00
2008.08.27 22:01:56.422,0.9404,0.9406,1.00,1.00
2008.08.27 22:02:33.764,0.94045,0.9406,5.40,1.00
2008.08.27 22:02:38.094,0.9405,0.9407,1.00,1.00
2008.08.27 22:02:49.536,0.9405,0.9407,5.50,1.00
2008.08.27 22:02:58.221,0.9405,0.9407,1.00,1.00
2008.08.27 22:03:10.394,0.9405,0.9407,5.50,1.00
2008.08.27 22:03:10.608,0.9405,0.9407,1.20,1.00
2008.08.27 22:03:25.555,0.9405,0.9407,5.50,1.00
2008.08.27 22:03:26.094,0.9407,0.94075,1.00,1.10
2008.08.27 22:03:26.252,0.9407,0.9409,1.20,12.40
2008.08.27 22:03:26.425,0.9407,0.9409,1.20,7.00
2008.08.27 22:03:26.480,0.9407,0.9409,1.20,1.00
2008.08.27 22:03:29.084,0.9408,0.941,1.00,1.60
2008.08.27 22:03:29.224,0.9408,0.941,1.00,1.00
2008.08.27 22:03:33.088,0.9407,0.9409,13.00,1.00
2008.08.27 22:03:33.288,0.9407,0.9409,1.20,1.00
2008.08.27 22:03:50.604,0.9407,0.9409,6.60,1.00
2008.08.27 22:03:50.833,0.9407,0.9409,1.00,1.00
2008.08.27 22:04:16.723,0.9407,0.9409,1.20,1.00
2008.08.27 22:04:33.387,0.9407,0.9411,6.30,17.80
2008.08.27 22:04:36.515,0.9407,0.9411,6.30,12.40
2008.08.27 22:04:37.080,0.9408,0.941,1.20,1.00
2008.08.27 22:04:37.520,0.9409,0.9411,3.30,1.00
2008.08.27 22:04:38.804,0.9409,0.9411,5.50,1.00
2008.08.27 22:04:39.501,0.9409,0.9411,1.00,1.00
2008.08.27 22:04:50.270,0.9408,0.941,1.20,1.00
2008.08.27 22:04:59.788,0.9409,0.9411,1.00,1.00
2008.08.27 22:05:00.091,0.9409,0.9411,5.50,1.00
2008.08.27 22:05:02.110,0.9409,0.9411,3.30,1.00
2008.08.27 22:05:02.432,0.9408,0.941,6.60,1.00
2008.08.27 22:05:02.747,0.9408,0.941,1.20,1.00
2008.08.27 22:05:04.476,0.9409,0.9411,1.00,1.00
2008.08.27 22:05:05.067,0.9409,0.9411,1.20,1.00
2008.08.27 22:05:05.253,0.9409,0.9411,1.20,1.00
2008.08.27 22:05:05.615,0.9409,0.9411,1.20,1.00
2008.08.27 22:05:09.544,0.9408,0.941,1.20,1.00
2008.08.27 22:05:29.803,0.9408,0.9409,7.50,1.00
2008.08.27 22:05:29.967,0.9408,0.941,1.20,1.00
2008.08.27 22:05:37.038,0.9408,0.941,2.20,1.00
2008.08.27 22:05:46.967,0.9408,0.941,1.20,1.00
2008.08.27 22:05:56.539,0.9408,0.941,4.40,1.00
2008.08.27 22:05:57.080,0.9408,0.941,1.20,1.00
2008.08.27 22:05:59.423,0.9408,0.941,4.40,1.00
2008.08.27 22:05:59.854,0.9408,0.941,1.20,1.00
2008.08.27 22:06:02.815,0.9409,0.9411,1.00,1.00
2008.08.27 22:06:02.959,0.9409,0.9411,1.20,1.00
2008.08.27 22:06:03.384,0.9409,0.9411,1.20,1.60
2008.08.27 22:06:13.687,0.9409,0.9411,1.20,1.00
2008.08.27 22:07:03.707,0.94095,0.9412,1.00,5.40
2008.08.27 22:07:37.902,0.94095,0.9412,1.00,4.30
2008.08.27 22:07:38.086,0.94095,0.9412,1.00,3.20
2008.08.27 22:07:55.788,0.941,0.9412,1.00,3.20
2008.08.27 22:07:55.894,0.941,0.9412,2.10,3.20
2008.08.27 22:08:06.695,0.941,0.9412,2.10,4.30
2008.08.27 22:08:06.759,0.941,0.9412,2.10,5.40
2008.08.27 22:08:30.379,0.941,0.9412,2.10,5.40
2008.08.27 22:08:30.622,0.941,0.9412,2.10,17.20
2008.08.27 22:09:00.347,0.941,0.9411,2.10,1.00
2008.08.27 22:09:06.574,0.9409,0.9411,1.20,1.00
2008.08.27 22:09:06.734,0.9409,0.941,1.80,1.00
2008.08.27 22:09:06.891,0.9409,0.941,2.10,1.00
2008.08.27 22:09:17.702,0.9409,0.9411,1.20,1.00
2008.08.27 22:09:37.831,0.9409,0.9411,4.40,1.00
2008.08.27 22:09:38.066,0.9409,0.9411,16.30,1.00
2008.08.27 22:09:42.276,0.941,0.9412,1.00,1.00
2008.08.27 22:09:45.991,0.941,0.9412,1.20,1.00
2008.08.27 22:09:46.757,0.941,0.9412,6.60,1.00
2008.08.27 22:09:50.778,0.9411,0.9413,5.50,1.00
2008.08.27 22:09:50.962,0.9411,0.9413,1.00,1.00
2008.08.27 22:09:54.580,0.94115,0.9413,5.40,1.00
2008.08.27 22:09:58.394,0.9411,0.9413,5.50,1.00
2008.08.27 22:09:59.867,0.9411,0.9413,1.00,1.00
2008.08.27 22:10:07.623,0.941,0.9412,1.20,1.00
2008.08.27 22:10:08.082,0.941,0.9412,1.20,1.00
2008.08.27 22:10:11.058,0.941,0.9412,6.60,1.00
2008.08.27 22:10:11.254,0.941,0.9412,1.00,1.00
2008.08.27 22:10:13.606,0.941,0.9412,1.00,5.90
2008.08.27 22:10:17.062,0.9409,0.9411,1.20,1.00
2008.08.27 22:10:19.363,0.9408,0.941,1.20,1.00
2008.08.27 22:10:19.626,0.9408,0.941,1.00,1.00
2008.08.27 22:10:20.824,0.9405,0.9411,6.30,7.00
2008.08.27 22:10:20.986,0.9406,0.9411,5.40,7.00
2008.08.27 22:10:21.308,0.94055,0.94095,5.40,5.40
2008.08.27 22:10:30.971,0.9407,0.9409,1.00,1.00
2008.08.27 22:10:31.202,0.9405,0.941,6.40,5.90
2008.08.27 22:10:31.480,0.9405,0.941,5.40,5.90
2008.08.27 22:10:31.700,0.94045,0.94085,5.40,5.40
2008.08.27 22:10:37.390,0.9406,0.9408,1.00,1.00
2008.08.27 22:10:37.630,0.9405,0.9407,1.00,1.00
2008.08.27 22:10:38.182,0.94045,0.9409,5.40,1.60
2008.08.27 22:10:38.268,0.9403,0.9409,6.30,7.00
2008.08.27 22:10:38.486,0.9404,0.9409,5.40,7.00
2008.08.27 22:10:42.114,0.9404,0.9409,5.40,5.90
2008.08.27 22:10:42.242,0.9405,0.9407,1.00,1.00
2008.08.27 22:11:18.833,0.9405,0.9407,1.20,1.00
2008.08.27 22:11:19.182,0.9406,0.9408,1.00,1.00
2008.08.27 22:11:34.378,0.9405,0.9407,1.20,1.00
2008.08.27 22:11:44.880,0.9406,0.9408,1.00,1.00
2008.08.27 22:11:53.163,0.9405,0.9407,1.20,1.00
2008.08.27 22:11:56.892,0.9406,0.9408,1.00,1.00
2008.08.27 22:12:00.206,0.9405,0.9407,1.20,1.00
2008.08.27 22:12:11.117,0.9405,0.9407,1.00,1.00
2008.08.27 22:12:11.862,0.9405,0.9407,5.50,1.00
2008.08.27 22:12:12.306,0.9405,0.9407,1.20,1.00
2008.08.27 22:12:15.070,0.9404,0.9406,5.50,1.00
2008.08.27 22:12:15.290,0.9404,0.9406,1.20,1.00
2008.08.27 22:12:15.510,0.9404,0.9406,1.00,1.00
2008.08.27 22:12:21.550,0.9404,0.9406,1.20,1.00
2008.08.27 22:12:24.553,0.9406,0.9408,1.20,1.00
2008.08.27 22:12:32.221,0.94065,0.9408,5.40,1.00
2008.08.27 22:12:32.340,0.9405,0.9407,12.00,1.00
2008.08.27 22:12:32.594,0.9405,0.9407,1.00,1.00
2008.08.27 22:12:41.966,0.9405,0.9407,5.50,1.00
2008.08.27 22:12:42.273,0.9405,0.9407,1.20,1.00
2008.08.27 22:12:47.200,0.9406,0.9408,1.00,1.00
2008.08.27 22:13:23.690,0.9405,0.9407,1.20,1.00
2008.08.27 22:13:46.344,0.9405,0.9407,1.00,1.00
2008.08.27 22:14:07.012,0.9405,0.9407,1.20,1.00
2008.08.27 22:14:17.886,0.9406,0.9408,1.00,1.00
2008.08.27 22:14:21.048,0.9406,0.9408,1.20,1.00
2008.08.27 22:14:41.354,0.9406,0.9407,1.00,1.00
2008.08.27 22:14:41.912,0.9405,0.9407,1.20,1.00
2008.08.27 22:14:44.427,0.9405,0.9407,1.00,1.00
2008.08.27 22:14:58.877,0.9406,0.9407,1.00,1.00
2008.08.27 22:14:58.994,0.9406,0.9408,1.20,12.40
2008.08.27 22:14:59.229,0.9406,0.9408,1.20,1.00
2008.08.27 22:15:08.953,0.9407,0.9409,1.00,1.00
2008.08.27 22:15:13.729,0.9406,0.9408,1.20,1.00
2008.08.27 22:15:14.536,0.9406,0.9408,1.00,1.00
2008.08.27 22:15:30.620,0.9406,0.9408,3.30,1.00
2008.08.27 22:15:31.037,0.9406,0.9408,1.20,1.00
2008.08.27 22:15:32.167,0.9406,0.9408,5.50,1.00
2008.08.27 22:15:32.564,0.9406,0.9408,1.00,1.00
2008.08.27 22:15:37.452,0.9406,0.9408,3.30,1.00
2008.08.27 22:15:37.859,0.9406,0.9408,1.20,1.00
2008.08.27 22:15:38.721,0.9407,0.9409,1.00,1.00
2008.08.27 22:15:51.185,0.9407,0.9409,1.20,1.00
2008.08.27 22:16:00.225,0.9408,0.941,1.00,1.00
2008.08.27 22:16:07.581,0.9407,0.94115,6.30,1.70
2008.08.27 22:16:07.713,0.9407,0.9412,6.30,7.10
2008.08.27 22:16:07.781,0.94075,0.9412,5.40,1.70
2008.08.27 22:16:10.729,0.9408,0.941,1.00,1.00
2008.08.27 22:16:17.277,0.9407,0.9409,1.20,1.00
2008.08.27 22:16:21.937,0.9407,0.9409,1.00,1.00
2008.08.27 22:16:33.306,0.9406,0.9408,1.20,1.00
2008.08.27 22:16:34.157,0.9406,0.9408,1.00,1.00
2008.08.27 22:16:38.257,0.9406,0.9408,1.00,1.00
2008.08.27 22:16:46.829,0.9405,0.9407,1.00,1.00
2008.08.27 22:17:16.465,0.9404,0.9406,5.50,1.00
2008.08.27 22:17:16.666,0.9404,0.9406,1.00,1.00
2008.08.27 22:17:17.762,0.9404,0.9406,1.00,1.00
2008.08.27 22:17:45.905,0.9404,0.9406,1.00,1.00
2008.08.27 22:17:47.310,0.9404,0.9406,1.00,1.00
2008.08.27 22:18:10.261,0.9403,0.9405,1.20,1.00
2008.08.27 22:18:10.409,0.9403,0.9405,1.00,1.00
2008.08.27 22:18:28.533,0.9402,0.9404,1.20,1.00
2008.08.27 22:18:33.265,0.9403,0.9405,1.00,1.00
2008.08.27 22:18:34.001,0.9403,0.9405,1.20,1.00
2008.08.27 22:19:34.203,0.9403,0.9406,1.00,1.00
2008.08.27 22:19:39.392,0.9404,0.9406,1.00,1.00
2008.08.27 22:19:40.144,0.9404,0.9406,1.00,1.00
2008.08.27 22:20:24.168,0.9404,0.9406,1.00,1.00
2008.08.27 22:20:36.790,0.9403,0.9405,1.20,1.00
2008.08.27 22:21:36.616,0.9404,0.9406,1.00,1.00
2008.08.27 22:21:57.800,0.9404,0.9406,1.00,1.00
2008.08.27 22:22:31.142,0.9403,0.9405,1.20,1.00
2008.08.27 22:23:32.080,0.9403,0.9406,1.00,1.00
2008.08.27 22:23:40.481,0.94025,0.9406,5.40,1.00
2008.08.27 22:23:40.767,0.9402,0.9406,6.30,5.90
2008.08.27 22:23:55.975,0.94025,0.9406,5.40,1.00
2008.08.27 22:24:04.305,0.9402,0.9406,6.30,5.90
2008.08.27 22:24:06.787,0.9402,0.9404,1.20,1.00
2008.08.27 22:24:44.023,0.9402,0.9403,1.00,1.00
2008.08.27 22:24:44.123,0.9401,0.9403,1.00,1.00
2008.08.27 22:24:44.501,0.9402,0.9404,1.20,1.00
2008.08.27 22:24:45.722,0.9402,0.9404,1.00,1.00
2008.08.27 22:24:45.799,0.9402,0.9404,5.50,1.00
2008.08.27 22:24:46.027,0.9402,0.9404,5.50,1.60
2008.08.27 22:24:46.180,0.9402,0.94035,1.00,6.00
2008.08.27 22:24:46.259,0.9401,0.94035,6.30,6.00
2008.08.27 22:24:46.419,0.9401,0.94035,6.30,16.80
2008.08.27 22:24:46.731,0.9401,0.94015,5.40,1.50
2008.08.27 22:24:47.360,0.9399,0.9401,1.20,1.00
2008.08.27 22:24:49.411,0.9399,0.9401,1.00,1.00
2008.08.27 22:24:51.455,0.9399,0.9401,1.20,1.00
2008.08.27 22:24:51.539,0.9399,0.9401,1.40,1.00
2008.08.27 22:24:52.151,0.9399,0.9401,2.50,1.00
2008.08.27 22:24:53.405,0.94,0.9402,1.00,1.00
2008.08.27 22:24:53.529,0.94,0.9402,1.20,1.00
2008.08.27 22:24:53.725,0.94,0.9402,2.50,1.00
2008.08.27 22:24:53.879,0.94,0.9402,4.00,1.00
2008.08.27 22:24:53.959,0.9401,0.9402,1.00,1.00
2008.08.27 22:24:54.212,0.94015,0.9402,5.40,1.00
2008.08.27 22:24:54.715,0.94005,0.9406,6.70,3.30
2008.08.27 22:24:55.051,0.94005,0.9406,1.30,8.70
2008.08.27 22:24:55.895,0.94,0.9406,7.80,8.70
2008.08.27 22:24:55.973,0.94,0.9402,7.90,1.00
2008.08.27 22:24:56.600,0.94,0.9402,2.50,1.00
2008.08.27 22:24:56.805,0.94,0.9402,7.90,1.00
2008.08.27 22:24:57.008,0.93995,0.9404,1.30,17.20
2008.08.27 22:24:57.211,0.93995,0.9405,6.70,3.30
2008.08.27 22:24:57.611,0.94,0.9405,1.30,7.00
2008.08.27 22:24:58.124,0.9401,0.9403,1.00,1.00
2008.08.27 22:24:58.639,0.9401,0.9403,5.50,1.00
2008.08.27 22:24:59.277,0.9401,0.9403,1.40,1.00
2008.08.27 22:24:59.887,0.9401,0.9403,1.20,1.00
2008.08.27 22:25:05.576,0.9401,0.9403,5.50,1.00
2008.08.27 22:25:06.018,0.9401,0.9403,1.00,1.00
2008.08.27 22:25:14.677,0.9401,0.9403,1.00,1.00
2008.08.27 22:25:16.449,0.9401,0.9403,1.00,1.00
2008.08.27 22:25:16.704,0.9401,0.9403,1.20,1.00
2008.08.27 22:25:17.118,0.9401,0.9403,1.20,1.00
2008.08.27 22:25:20.767,0.9401,0.9402,1.00,1.00
2008.08.27 22:25:21.107,0.9401,0.9403,1.20,3.70
2008.08.27 22:25:21.382,0.9401,0.9403,1.00,3.70
2008.08.27 22:25:27.643,0.9401,0.9403,1.00,1.00
2008.08.27 22:25:36.309,0.9401,0.9403,1.20,1.00
2008.08.27 22:25:36.383,0.9401,0.9403,1.20,1.00
2008.08.27 22:25:36.455,0.9402,0.9404,1.00,1.00
2008.08.27 22:25:38.699,0.9402,0.9404,3.30,1.00
2008.08.27 22:25:39.633,0.9402,0.9404,1.00,1.00
2008.08.27 22:25:39.758,0.9401,0.9403,1.40,1.00
2008.08.27 22:25:41.311,0.9402,0.9404,1.00,1.00
2008.08.27 22:25:56.414,0.9402,0.9404,1.20,1.00
2008.08.27 22:26:04.311,0.9403,0.9405,1.00,1.00
2008.08.27 22:26:04.478,0.9402,0.9404,1.20,1.00
2008.08.27 22:26:04.704,0.9402,0.9404,5.50,1.00
2008.08.27 22:26:04.931,0.9402,0.9404,1.00,1.00
2008.08.27 22:26:22.805,0.9402,0.9404,3.30,1.00
2008.08.27 22:26:28.331,0.9403,0.9405,1.00,1.00
2008.08.27 22:27:03.839,0.9403,0.9405,1.00,1.00
2008.08.27 22:27:10.152,0.9403,0.9405,1.00,1.00
2008.08.27 22:27:28.604,0.94015,0.9405,4.50,1.00
2008.08.27 22:27:59.938,0.9403,0.9406,1.30,18.30
2008.08.27 22:28:00.159,0.9403,0.9408,1.30,2.20
2008.08.27 22:28:00.423,0.9403,0.9408,6.70,2.20
2008.08.27 22:28:04.786,0.9403,0.9408,6.70,5.90
2008.08.27 22:28:05.636,0.9403,0.94075,6.70,1.00
2008.08.27 22:28:05.738,0.9403,0.9405,6.80,1.00
2008.08.27 22:28:05.839,0.9403,0.9405,5.50,1.00
2008.08.27 22:28:05.938,0.9403,0.9405,1.00,1.00
2008.08.27 22:28:19.543,0.9402,0.9404,1.20,1.00
2008.08.27 22:28:23.422,0.9402,0.9404,3.30,1.00
2008.08.27 22:28:23.486,0.9402,0.9404,1.00,1.00
2008.08.27 22:28:27.211,0.9402,0.9404,3.30,1.00
2008.08.27 22:28:27.254,0.9402,0.9404,1.20,1.00
2008.08.27 22:28:27.314,0.9402,0.9404,2.50,1.00
2008.08.27 22:28:27.571,0.9403,0.9404,1.30,1.00
2008.08.27 22:28:31.462,0.9403,0.9405,1.40,1.00
2008.08.27 22:28:31.584,0.9403,0.9405,2.50,1.00
2008.08.27 22:28:32.067,0.9403,0.9405,1.20,1.00
2008.08.27 22:28:32.543,0.94035,0.9405,5.40,1.00
2008.08.27 22:28:32.738,0.9403,0.9405,1.00,1.00
2008.08.27 22:28:33.095,0.9403,0.9405,3.30,1.00
2008.08.27 22:28:34.194,0.9403,0.9405,1.00,1.00
2008.08.27 22:28:34.946,0.9403,0.9405,1.00,1.60
2008.08.27 22:28:35.187,0.9402,0.9404,1.20,1.00
2008.08.27 22:28:35.666,0.9402,0.9404,4.40,1.00
2008.08.27 22:28:38.746,0.9402,0.9404,3.30,1.00
2008.08.27 22:28:38.908,0.9402,0.9404,1.20,1.00
2008.08.27 22:28:38.962,0.9402,0.9404,1.00,1.00
2008.08.27 22:28:43.334,0.9401,0.9405,2.40,15.60
2008.08.27 22:28:43.375,0.9401,0.9405,2.40,12.40
2008.08.27 22:28:43.394,0.9401,0.9405,2.40,11.80
2008.08.27 22:28:43.447,0.94025,0.9405,1.30,11.80
2008.08.27 22:28:43.765,0.94025,0.94055,1.30,5.40
2008.08.27 22:28:44.015,0.94025,0.9407,1.30,5.90
2008.08.27 22:28:46.118,0.94025,0.9406,1.30,3.20
2008.08.27 22:28:46.301,0.9402,0.9404,5.50,1.00
2008.08.27 22:28:49.338,0.9403,0.9405,1.00,1.00
2008.08.27 22:28:59.186,0.9404,0.9405,1.00,1.00
2008.08.27 22:28:59.586,0.9404,0.9406,1.00,1.00
2008.08.27 22:29:01.393,0.9403,0.9405,1.00,1.00
2008.08.27 22:29:03.393,0.9402,0.9404,1.20,1.00
2008.08.27 22:29:03.936,0.9402,0.9404,3.30,1.00
2008.08.27 22:29:10.590,0.9402,0.9404,3.30,1.00
2008.08.27 22:29:10.930,0.9402,0.9404,1.00,1.00
2008.08.27 22:29:18.304,0.9402,0.9404,1.00,1.00
2008.08.27 22:29:43.271,0.9402,0.9404,3.30,1.00
2008.08.27 22:29:46.395,0.9402,0.9404,3.30,1.00
2008.08.27 22:29:46.522,0.9402,0.9404,1.00,1.00
2008.08.27 22:30:03.424,0.9401,0.9404,1.30,1.00
2008.08.27 22:30:37.764,0.9402,0.9404,1.00,1.00
2008.08.27 22:30:37.910,0.94015,0.9404,2.40,1.00
2008.08.27 22:30:38.318,0.94015,0.9405,2.40,4.80
2008.08.27 22:30:50.053,0.9402,0.9405,7.50,4.80
2008.08.27 22:30:50.566,0.9402,0.9405,2.10,4.80
2008.08.27 22:30:55.051,0.9402,0.9403,2.10,1.00
2008.08.27 22:31:02.766,0.9402,0.9404,1.20,1.00
2008.08.27 22:31:03.786,0.9402,0.9404,1.20,1.00
2008.08.27 22:31:05.722,0.9402,0.9404,1.00,1.00
2008.08.27 22:31:13.739,0.9401,0.9403,1.20,1.00
2008.08.27 22:31:20.058,0.9401,0.9403,1.20,1.00
2008.08.27 22:31:22.128,0.94015,0.94045,1.30,6.40
2008.08.27 22:31:22.346,0.94015,0.9406,1.30,1.60
2008.08.27 22:31:22.561,0.94015,0.9406,6.70,1.60
2008.08.27 22:31:23.329,0.94025,0.9406,5.40,1.60
2008.08.27 22:31:23.558,0.94025,0.9404,5.40,1.00
2008.08.27 22:31:23.618,0.9402,0.9404,5.50,1.00
2008.08.27 22:31:25.802,0.94015,0.9406,1.30,1.60
2008.08.27 22:31:26.050,0.94015,0.9406,6.70,1.60
2008.08.27 22:31:26.298,0.94015,0.9406,6.70,1.00
2008.08.27 22:31:26.794,0.9403,0.9405,1.20,1.00
2008.08.27 22:31:31.163,0.9403,0.9404,7.50,1.00
2008.08.27 22:31:31.286,0.9403,0.9405,1.20,1.00
2008.08.27 22:31:31.410,0.9403,0.9405,1.20,1.00
2008.08.27 22:31:35.202,0.9403,0.9405,1.20,1.00
2008.08.27 22:31:35.506,0.9404,0.9406,1.00,5.40
2008.08.27 22:31:36.114,0.9404,0.9406,1.00,1.00
2008.08.27 22:31:36.359,0.9403,0.9405,4.40,1.00
2008.08.27 22:31:39.263,0.9403,0.9405,1.20,1.00
2008.08.27 22:31:39.484,0.9403,0.9404,7.50,1.00
2008.08.27 22:31:39.938,0.9403,0.9404,2.10,1.00
2008.08.27 22:31:48.782,0.9403,0.9405,4.40,1.00
2008.08.27 22:31:49.406,0.9404,0.9406,1.00,1.00
2008.08.27 22:31:49.718,0.9403,0.9405,4.40,1.00
2008.08.27 22:31:50.150,0.9403,0.9405,1.20,1.00
2008.08.27 22:31:51.100,0.9403,0.9405,1.40,1.00
2008.08.27 22:31:51.368,0.9404,0.9406,1.00,1.00
2008.08.27 22:32:09.306,0.9403,0.9405,1.40,1.00
2008.08.27 22:32:11.754,0.9403,0.9405,4.40,1.00
2008.08.27 22:32:18.605,0.9403,0.9405,1.20,1.00
2008.08.27 22:32:21.674,0.9403,0.9405,1.40,1.00
2008.08.27 22:32:25.074,0.9404,0.9406,1.00,1.00
2008.08.27 22:32:32.281,0.94035,0.9406,5.40,1.00
2008.08.27 22:32:32.385,0.9403,0.9406,11.80,5.90
2008.08.27 22:32:32.490,0.9404,0.9406,1.00,1.00
2008.08.27 22:32:32.857,0.94015,0.94055,1.30,5.40
2008.08.27 22:32:33.122,0.94015,0.9406,1.30,5.90
2008.08.27 22:32:33.645,0.94015,0.94055,1.30,5.40
2008.08.27 22:32:45.370,0.94015,0.9407,1.30,7.60
2008.08.27 22:32:50.691,0.94015,0.94065,1.30,1.00
2008.08.27 22:32:50.969,0.9403,0.9405,1.00,1.00
2008.08.27 22:32:51.098,0.9403,0.9405,1.00,5.90
2008.08.27 22:32:59.252,0.9402,0.9404,1.00,1.00
2008.08.27 22:33:02.304,0.9402,0.9404,3.30,1.00
2008.08.27 22:33:02.586,0.9403,0.9405,1.00,5.90
2008.08.27 22:33:02.865,0.9403,0.9405,1.00,1.00
2008.08.27 22:34:00.641,0.9403,0.9405,1.00,1.00
2008.08.27 22:34:03.701,0.9402,0.9405,20.50,1.00
2008.08.27 22:34:06.249,0.9402,0.9405,21.00,1.00
2008.08.27 22:34:06.525,0.9402,0.9405,21.60,1.00
2008.08.27 22:34:06.793,0.94025,0.9405,5.40,1.00
2008.08.27 22:34:06.929,0.9402,0.9406,16.60,2.20
2008.08.27 22:34:40.077,0.9402,0.9406,17.60,2.20
2008.08.27 22:35:01.137,0.9403,0.9406,3.20,2.20
2008.08.27 22:35:01.813,0.9402,0.9406,17.60,2.20
2008.08.27 22:35:05.531,0.9403,0.9406,3.20,2.20
2008.08.27 22:35:06.074,0.9402,0.9406,17.10,2.20
2008.08.27 22:35:06.189,0.94025,0.9405,5.40,1.00
2008.08.27 22:35:06.442,0.9402,0.9405,22.60,1.00
2008.08.27 22:36:00.397,0.9403,0.9405,1.00,1.00
2008.08.27 22:36:25.880,0.9402,0.9404,1.00,1.00
2008.08.27 22:37:07.208,0.9403,0.9405,1.00,1.00
2008.08.27 22:37:07.844,0.9403,0.9405,1.00,1.00
2008.08.27 22:37:25.988,0.9404,0.9406,1.00,1.00
2008.08.27 22:38:09.502,0.9404,0.9406,1.00,1.00
2008.08.27 22:38:09.676,0.9404,0.9406,1.40,1.00
2008.08.27 22:38:10.474,0.94045,0.9406,5.40,1.00
2008.08.27 22:38:10.534,0.9405,0.9407,1.00,1.00
2008.08.27 22:38:12.471,0.9405,0.9407,5.50,1.00
2008.08.27 22:38:14.940,0.9405,0.9407,1.00,3.70
2008.08.27 22:38:22.324,0.9405,0.9407,1.00,1.00
2008.08.27 22:38:22.430,0.9404,0.9406,1.00,1.00
2008.08.27 22:39:22.583,0.9403,0.9407,2.40,16.70
2008.08.27 22:39:47.299,0.9403,0.9407,4.10,16.70
2008.08.27 22:40:35.242,0.9403,0.9405,1.20,1.00
2008.08.27 22:40:35.372,0.9403,0.9405,5.50,1.00
2008.08.27 22:40:35.534,0.9403,0.9405,5.50,3.70
2008.08.27 22:40:35.907,0.9403,0.9405,1.00,3.70
2008.08.27 22:40:37.499,0.9403,0.9405,1.00,1.00
2008.08.27 22:40:37.872,0.9403,0.9405,1.20,1.00
2008.08.27 22:40:42.868,0.9403,0.9405,1.00,1.00
2008.08.27 22:40:45.898,0.9403,0.9405,1.00,1.00
2008.08.27 22:41:01.401,0.9404,0.9405,1.00,1.00
2008.08.27 22:41:01.991,0.9404,0.9406,1.00,1.00
2008.08.27 22:41:42.796,0.9405,0.9406,1.00,1.00
2008.08.27 22:41:43.259,0.9405,0.9407,1.00,1.00
2008.08.27 22:42:42.965,0.9403,0.9407,16.00,3.70
2008.08.27 22:43:17.519,0.9404,0.9407,3.20,1.00
2008.08.27 22:43:17.962,0.9403,0.9407,16.00,3.70
2008.08.27 22:44:09.574,0.9404,0.9407,1.00,3.70
2008.08.27 22:44:09.739,0.94045,0.9407,1.00,3.70
2008.08.27 22:44:09.903,0.94035,0.9407,3.50,3.70
2008.08.27 22:44:10.067,0.9404,0.9407,2.00,3.20
2008.08.27 22:44:21.626,0.9405,0.9407,1.00,3.20
2008.08.27 22:44:22.263,0.9405,0.9407,1.00,3.70
2008.08.27 22:44:22.488,0.9405,0.9407,1.00,15.60
2008.08.27 22:44:22.759,0.9405,0.9406,1.00,1.00
2008.08.27 22:44:35.195,0.9405,0.9406,1.00,1.00
2008.08.27 22:44:35.635,0.9405,0.9406,1.00,1.00
2008.08.27 22:44:37.363,0.9405,0.94055,1.00,1.10
2008.08.27 22:44:44.838,0.9405,0.9406,1.00,1.00
2008.08.27 22:44:54.225,0.9405,0.9406,1.00,1.00
2008.08.27 22:44:58.519,0.9405,0.94055,1.00,1.10
2008.08.27 22:44:59.051,0.9403,0.9405,1.20,1.00
2008.08.27 22:45:00.800,0.9405,0.9406,1.00,18.80
2008.08.27 22:45:06.268,0.9405,0.94055,1.00,1.50
2008.08.27 22:45:32.749,0.9405,0.94055,1.00,1.60
2008.08.27 22:45:45.028,0.9405,0.94055,1.00,2.78
2008.08.27 22:46:00.686,0.9405,0.9406,1.00,18.30
2008.08.27 22:46:00.910,0.9405,0.9406,1.00,18.20
2008.08.27 22:46:01.246,0.9405,0.94055,1.00,19.60
2008.08.27 22:46:03.260,0.9405,0.94055,1.00,20.70
2008.08.27 22:46:05.566,0.9405,0.94055,1.00,20.00
2008.08.27 22:46:05.605,0.9402,0.9403,1.20,1.00
2008.08.27 22:46:10.407,0.9402,0.9403,1.00,1.00
2008.08.27 22:46:33.076,0.94,0.9403,20.30,1.00
2008.08.27 22:46:34.696,0.9401,0.9403,1.00,1.00
2008.08.27 22:46:52.424,0.9402,0.9403,1.00,1.00
2008.08.27 22:47:53.321,0.94,0.9403,18.20,1.00
2008.08.27 22:48:04.411,0.94,0.9403,17.10,1.00
2008.08.27 22:48:11.541,0.9401,0.9403,1.00,1.00
2008.08.27 22:48:22.938,0.9402,0.9403,1.00,1.00
2008.08.27 22:49:09.836,0.9401,0.9403,1.00,1.00
2008.08.27 22:49:16.617,0.9402,0.9403,1.00,1.00
2008.08.27 22:49:31.794,0.9401,0.9403,1.00,1.00
2008.08.27 22:49:40.332,0.9402,0.9403,1.00,1.00
2008.08.27 22:49:44.598,0.9402,0.9404,1.00,1.00
2008.08.27 22:49:44.806,0.9402,0.9404,5.50,1.00
2008.08.27 22:49:45.014,0.9402,0.9404,1.20,1.00
2008.08.27 22:49:47.449,0.9402,0.9404,1.00,1.00
2008.08.27 22:49:54.158,0.9403,0.9404,1.00,1.00
2008.08.27 22:50:20.705,0.9402,0.9404,1.00,1.00
2008.08.27 22:50:54.460,0.9403,0.9404,1.00,1.00
2008.08.27 22:51:05.893,0.9402,0.9404,1.00,1.00
2008.08.27 22:51:43.133,0.9402,0.9404,1.00,1.00
2008.08.27 22:51:45.470,0.9402,0.9404,1.20,1.00
2008.08.27 22:51:45.871,0.9403,0.9405,1.00,1.00
2008.08.27 22:51:47.094,0.9404,0.9406,1.00,1.00
2008.08.27 22:51:47.585,0.9404,0.9406,1.00,3.70
2008.08.27 22:51:48.224,0.9404,0.9406,1.00,1.00
2008.08.27 22:51:48.801,0.9404,0.9405,1.00,1.00
2008.08.27 22:51:55.485,0.9404,0.9406,1.00,1.00
2008.08.27 22:51:56.875,0.9404,0.9405,1.00,1.00
2008.08.27 22:51:57.533,0.9403,0.9405,3.30,1.00
2008.08.27 22:51:57.885,0.9403,0.9405,1.00,1.00
2008.08.27 22:51:58.597,0.9403,0.9405,1.00,1.00
2008.08.27 22:52:04.554,0.9403,0.9405,1.00,3.70
2008.08.27 22:52:04.713,0.9402,0.9404,1.20,1.00
2008.08.27 22:52:04.953,0.9402,0.9404,5.50,1.00
2008.08.27 22:52:05.193,0.9402,0.9404,1.00,1.00
2008.08.27 22:52:09.173,0.9402,0.9404,1.00,1.00
2008.08.27 22:52:10.073,0.9402,0.9404,1.00,1.00
2008.08.27 22:52:10.770,0.9403,0.9405,1.00,1.00
2008.08.27 22:52:14.206,0.9402,0.9404,1.00,1.00
2008.08.27 22:52:20.129,0.9402,0.9403,1.00,1.00
2008.08.27 22:52:21.177,0.9402,0.9404,1.00,1.00
2008.08.27 22:52:43.933,0.9402,0.9403,1.00,1.00
2008.08.27 22:52:44.082,0.9401,0.9403,1.20,1.00
2008.08.27 22:52:44.230,0.9402,0.9403,5.50,3.70
2008.08.27 22:52:44.377,0.9402,0.9403,5.50,1.00
2008.08.27 22:52:44.813,0.9402,0.9404,1.00,1.00
2008.08.27 22:53:21.634,0.9402,0.9403,1.00,1.00
2008.08.27 22:53:44.161,0.9401,0.9403,1.00,1.00
2008.08.27 22:54:44.255,0.94,0.9403,13.90,1.00
2008.08.27 22:54:59.128,0.94,0.9403,13.90,3.70
2008.08.27 22:54:59.353,0.94,0.9403,2.00,3.70
2008.08.27 22:54:59.864,0.9399,0.9402,7.80,1.00
2008.08.27 22:55:00.132,0.9399,0.9402,6.70,1.00
2008.08.27 22:55:00.400,0.9399,0.9402,1.30,1.00
2008.08.27 22:55:00.669,0.93985,0.9402,22.90,1.00
2008.08.27 22:55:10.294,0.94,0.9402,1.00,1.00
2008.08.27 22:55:27.332,0.9401,0.9402,1.00,1.00
2008.08.27 22:56:27.685,0.94,0.9402,7.50,1.00
2008.08.27 22:56:39.083,0.93995,0.9402,2.40,1.00
2008.08.27 22:56:39.296,0.93995,0.9402,2.90,1.00
2008.08.27 22:56:39.400,0.93995,0.9402,18.00,1.00
2008.08.27 22:56:39.504,0.93995,0.9402,24.50,1.00
2008.08.27 22:56:39.828,0.93995,0.9403,24.50,3.70
2008.08.27 22:56:49.625,0.94,0.9403,1.30,3.70
2008.08.27 22:56:49.820,0.9402,0.9404,1.00,1.00
2008.08.27 22:56:58.761,0.9401,0.9403,1.00,1.00
2008.08.27 22:57:02.040,0.9401,0.9403,1.00,1.00
2008.08.27 22:57:02.164,0.9401,0.9403,1.00,1.00
2008.08.27 22:57:02.228,0.9401,0.9403,1.20,1.00
2008.08.27 22:57:02.528,0.9402,0.9404,1.00,1.00
2008.08.27 22:57:04.613,0.9402,0.9403,1.00,1.00
2008.08.27 22:57:32.160,0.9401,0.9403,1.00,1.00
2008.08.27 22:57:51.084,0.94,0.9402,5.50,1.00
2008.08.27 22:57:51.308,0.94,0.9402,1.00,1.00
2008.08.27 22:58:09.672,0.9401,0.9402,1.00,1.00
2008.08.27 22:58:09.792,0.9401,0.9403,1.00,1.00
2008.08.27 22:58:30.580,0.94,0.9402,1.20,1.00
2008.08.27 22:58:35.589,0.94,0.9402,1.00,1.00
2008.08.27 22:58:35.776,0.9401,0.9402,1.00,1.00
2008.08.27 22:58:36.628,0.9401,0.9403,1.00,1.00
2008.08.27 22:58:55.792,0.9401,0.9402,1.00,1.00
2008.08.27 22:59:00.387,0.9401,0.9403,1.00,3.70
2008.08.27 22:59:24.496,0.94,0.9402,1.00,1.00
2008.08.27 22:59:49.182,0.94,0.9402,1.00,3.70
2008.08.27 22:59:49.328,0.9399,0.9401,1.20,1.00
2008.08.27 22:59:49.639,0.9399,0.9401,1.00,1.00
2008.08.27 22:59:55.411,0.94,0.9402,1.00,5.90
2008.08.27 22:59:55.477,0.94,0.9402,1.00,1.00
